적재_연월,대여_STATION_번호,대여_STATION_명,X축좌표,Y축좌표,대여소_설치일,대여소_폐쇄일,거치대_수,운영여부,시스템_구분
20251219,0001,(임시대여소)세종중앙공원입구광장,127.2711868,36.4911968,,,,미운영,
20251219,1000,4/27 임시 대여소(임시 제 1주차장),127.2691303,36.4920163,,,,미운영,
20251219,2000,[임시] 9/20 수변공원 방향 다리인근,127.269214,36.493200,,,,미운영,
20251219,2001,[임시]9/20 수변공원 인근,127.2686730,36.49388980,,,,미운영,
20251219,251009,25.10.9 세종한글축제(임시대여),127.2672514,36.4977339,,,,미운영,
20251219,251107,펌웨어 업데이트(임시대여소),127.31426599958316,36.520650785734496,,,,미운영,
20251219,701,보람동 호려울마을 8단지,127.2954371,36.4791728,,,,운영중,
20251219,702,어진동_정부청사인근(6동-1),127.2637754,36.5040239,,,,운영중,
20251219,703,아름동 대법원등기정보센터 앞,127.2416055,36.5114794,,,,운영중,
20251219,9998,10/9 임시대여소 호수공원 2주차장,127.2685572,36.5006405,,,,미운영,
20251219,9999,10/9임시 중앙공원 입구 광장,127.2710148,36.49137,,,,미운영,
20251219,DB_TEST,데일리버튼,127.2878133,36.477768,,,,미운영,
20251219,DB-00736,삼미 테스트,126.88022,37.48442,,,,미운영,
20251219,DJ_00001,두드림,127.337299,36.363496,,,,미운영,
20251219,SJ_00176,아름동_범지기1020동 건너편,127.253096,36.519640,,,,운영중,
20251219,SJ_00177,아름동_범지기1023동건너편,127.249809,36.519458,,,,운영중,
20251219,SJ_00178,도담동_세종충남대병원앞,127.256407,36.518883,,,,운영중,
20251219,SJ_00179,도담동_도램2002동건너편,127.262583,36.518269,,,,운영중,
20251219,SJ_00180,도담동_물댄동산감리교회,127.256521,36.516357,,,,운영중,
20251219,SJ_00181,도담동_해피라움7상가쪽건너편,127.257867,36.516062,,,,운영중,
20251219,SJ_00182,도담동_해피라움7,127.258136,36.515974,,,,운영중,
20251219,SJ_00183,도담동_도램1301동앞,127.261888,36.516176,,,,운영중,
20251219,SJ_00184,도담동_복합커뮤니티센터,127.262210,36.515906,,,,운영중,
20251219,SJ_00185,도담동_도담중학교,127.2630161,36.5159184,,,,운영중,
20251219,SJ_00187,도담동_라온프라이빗 우측,127.258740,36.514673,,,,운영중,
20251219,SJ_00188,도담동_한신휴시티중앙,127.258799,36.514439,,,,운영중,
20251219,SJ_00189,도담동_한신휴시티좌측,127.258868,36.513965,,,,운영중,
20251219,SJ_00190,도담동_싱싱장터앞BRT,127.259256,36.514773,,,,운영중,
20251219,SJ_00033,대평동_해들613동앞BRT,127.280487,36.475127,,,,운영중,
20251219,SJ_00034,대평동_해들513동앞BRT,127.2809066,36.4748459,,,,운영중,
20251219,SJ_00035,대평동_씨티오브드림BRT1,127.276688,36.472668,,,,운영중,
20251219,SJ_00036,대평동_씨티오브드림BRT2,127.276106,36.472293,,,,운영중,
20251219,SJ_00037,대평동_씨티오브드림BRT3,127.275669,36.471963,,,,운영중,
20251219,SJ_00038,대평동_세종메디컬센터BRT1,127.277055,36.472382,,,,운영중,
20251219,SJ_00039,대평동_세종메디컬센터BRT2,127.276779,36.472197,,,,운영중,
20251219,SJ_00040,대평동_세종메디컬센터BRT3,127.276105,36.471763,,,,운영중,
20251219,SJ_00041,대평동_해피라움블루 건너편,127.274318,36.475098,,,,운영중,
20251219,SJ_00042,대평동_금강변길,127.272908,36.474216,,,,운영중,
20251219,SJ_00044,대평동_세종고속시외버스터미널BRT,127.273195,36.470563,,,,운영중,
20251219,SJ_00046,보람동_세종시청 서문 ,127.288415,36.479836,,,,운영중,
20251219,SJ_00047,한솔동_세종보 입구,127.259123,36.476538,,,,운영중,
20251219,SJ_00048,한솔동_한솔중학교 버스정류장,127.255363,36.475171,,,,운영중,
20251219,SJ_00049,한솔동_첫마을7단지702동앞,127.254921,36.474023,,,,운영중,
20251219,SJ_00226,보람동_호려울101동앞,127.285866,36.475092,,,,운영중,
20251219,SJ_00227,보람동_호려울401동앞,127.2893659,36.4766332,,,,운영중,
20251219,SJ_00228,보람동_호려울501동앞,127.290610,36.477142,,,,운영중,
20251219,SJ_00229,보람동_호려울604동앞,127.294911,36.4785167,,,,운영중,
20251219,SJ_00230,보람동_호려울902동앞,127.2955472,36.4794932,,,,운영중,
20251219,SJ_00232,소담동_새샘203동앞,127.299023,36.480826,,,,운영중,
20251219,SJ_00233,소담동_지엘플렉스1(입구)2,127.301747,36.485021,,,,운영중,
20251219,SJ_00234,소담동_새샘907동앞,127.2995714,36.4887654,,,,운영중,
20251219,SJ_00235,다정동_가온302동앞,127.241700,36.496172,,,,운영중,
20251219,SJ_00236,다정동_가온325동옆 로터리,127.244723,36.496255,,,,운영중,
20251219,SJ_00237,다정동_가온610동옆,127.2449703,36.4974402,,,,운영중,
20251219,SJ_00238,다정동_가온201동앞,127.243222,36.496011,,,,운영중,
20251219,SJ_00239,다정동_가온510동앞 공원,127.246459,36.494778,,,,운영중,
20251219,SJ_00240,다정동_가온616동앞,127.248791,36.496976,,,,운영중,
20251219,SJ_00241,다정동_가온801동앞,127.250118,36.495699,,,,운영중,
20251219,SJ_00082,다정동_가온703동 옆,127.252106,36.492861,,,,운영중,
20251219,SJ_00083,다정동_가온1215옆,127.252411,36.493288,,,,운영중,
20251219,SJ_00084,다정동_가온8단지앞상가(페스티발2),127.249278,36.494827,,,,운영중,
20251219,SJ_00085,나성동_모닝시티오피스텔,127.255910,36.491253,,,,운영중,
20251219,SJ_00086,다정동_가온807동앞,127.252129,36.495453,,,,운영중,
20251219,SJ_00087,다정동_가온312동앞,127.240739,36.499051,,,,운영중,
20251219,SJ_00088,다정동_가온314동앞,127.243434,36.499395,,,,운영중,
20251219,SJ_00089,다정동_가온315동앞,127.244546,36.499254,,,,운영중,
20251219,SJ_00090,다정동_가온607동앞,127.245067,36.498814,,,,운영중,
20251219,SJ_00091,다정동_가온603동앞 공원,127.248717,36.498982,,,,운영중,
20251219,SJ_00092,다정동_가온603동앞,127.248864,36.498653,,,,운영중,
20251219,SJ_00093,다정동_가온906동앞,127.249656,36.498909,,,,운영중,
20251219,SJ_00094,다정동_가온904동앞 공원,127.251723,36.498332,,,,운영중,
20251219,SJ_00095,고운동_고운동(만남로),127.236016,36.501136,,,,운영중,
20251219,SJ_00096,고운동_가락602동앞,127.239876,36.502350,,,,운영중,
20251219,SJ_00097,고운동_가락612동건너편,127.238061,36.502561,,,,운영중,
20251219,SJ_00098,고운동_가락704동앞,127.2381265,36.5045926,,,,운영중,
20251219,SJ_00099,고운동_그랜드프라자앞,127.233817,36.505251,,,,운영중,
20251219,SJ_00100,고운동_가락303동앞,127.236700,36.506601,,,,운영중,
20251219,SJ_00101,고운동_고운중학교,127.237259,36.506298,,,,운영중,
20251219,SJ_00102,고운동_고운중 버스정류장,127.237513,36.506158,,,,운영중,
20251219,SJ_00103,고운동_가락801동앞,127.239389,36.507022,,,,운영중,
20251219,SJ_00276,어진동_세종파이낸스3차 건너편,127.260151,36.497901,,,,운영중,
20251219,SJ_00277,어진동_엘큐브리빙앞,127.262751,36.496759,,,,운영중,
20251219,SJ_00278,어진동_푸르지오시티앞,127.2634975,36.4960608,,,,운영중,
20251219,SJ_00279,어진동_세종비지니스센터빌딩 건너편,127.265634,36.496111,,,,운영중,
20251219,SJ_00280,보람동_세종시청 동편,127.289957,36.480167,,,,운영중,
20251219,SJ_00281,어진동_문화체육관광부(15동-3),127.2655685,36.4983376,,,,운영중,
20251219,SJ_00282,어진동_교육부(14동-1),127.264713,36.499512,,,,운영중,
20251219,SJ_00283,어진동_보건복지부(10동-1),127.262309,36.501980,,,,운영중,
20251219,SJ_00286,어진동_정부세종청사 중앙동 건너편 정류장,127.2660004,36.5014588,,,,운영중,
20251219,SJ_00287,어진동_국토교통부 북문,127.263429,36.506202,,,,운영중,
20251219,SJ_00288,어진동_공정거래위원회(2동-2),127.2674638,36.5045194,,,,운영중,
20251219,SJ_00289,어진동_세종대성고등학교,127.2560059,36.4969742,,,,운영중,
20251219,SJ_00290,어진동_홈플러스건너편,127.258432,36.508184,,,,운영중,
20251219,SJ_00291,도담동_늘봄초등학교,127.255454,36.513898,,,,운영중,
20251219,SJ_00292,도담동_도램2004동건너편,127.264262,36.519649,,,,운영중,
20251219,SJ_00293,세종동_원수산MTB공원,127.267301,36.522272,,,,운영중,
20251219,SJ_00294,도담동_도램1901동앞,127.266065,36.515344,,,,운영중,
20251219,SJ_00295,어진동_한뜰302동앞,127.2734994,36.505745,,,,운영중,
20251219,SJ_00373,아름동_범지기1203동앞,127.250465,36.512819,,,,운영중,
20251219,SJ_00375,어진동_호수공원소나무숲길,127.2697315,36.499937,,,,운영중,
20251219,SJ_00376,아름동_범지기806동앞,127.250704,36.514970,,,,운영중,
20251219,SJ_00377,어진동_대통령기록관건너편1,127.272031,36.501221,,,,운영중,
20251219,SJ_00378,어진동_대통령기록관건너편2,127.272229,36.501324,,,,운영중,
20251219,SJ_00379,어진동_대통령기록관건너편3,127.272159,36.501506,,,,운영중,
20251219,SJ_00380,세종동_호수공원중앙수목원로,127.2769607,36.5022281,,,,운영중,
20251219,SJ_00381,어진동_홈플러스건너편스포츠센터옆,127.257419,36.507592,,,,운영중,
20251219,SJ_00382,다정동_당암육교건너편,127.232544,36.499407,,,,운영중,
20251219,SJ_00384,대평동_코스트코입구건너편,127.268355,36.468184,,,,운영중,
20251219,SJ_00385,나성동_국세청앞 BRT,127.2593506,36.4848189,,,,운영중,
20251219,SJ_00386,나성동_국세청앞,127.259082,36.4851219,,,,운영중,
20251219,SJ_00387,나성동_세종SJ타워앞,127.257664,36.486458,,,,운영중,
20251219,SJ_00388,나성동_에스빌딩앞,127.257465,36.486861,,,,운영중,
20251219,SJ_00389,나성동_BRT앞,127.257111,36.487465,,,,운영중,
20251219,SJ_00390,나성동_행복의아침 빌딩,127.256734,36.490240,,,,운영중,
20251219,SJ_00391,어진동_세종뱅크빌딩,127.256886,36.495246,,,,운영중,
20251219,SJ_00392,어진동_세종뱅크빌딩2,127.257046,36.495686,,,,운영중,
20251219,SJ_00393,나성동_다정교,127.2563306,36.4945267,,,,운영중,
20251219,SJ_00394,어진동_세종뱅크빌딩 건너편,127.256610,36.496023,,,,운영중,
20251219,SJ_00395,도담동_도램1107동앞,127.259576,36.513555,,,,운영중,
20251219,SJ_00425,조치원_고용노동부 ,127.303453,36.601647,,,,운영중,
20251219,SJ_00426,조치원_삼일아파트,127.297280,36.594918,,,,운영중,
20251219,SJ_00427,조치원_신흥리_조치원중학교 앞,127.286650,36.594851,,,,운영중,
20251219,SJ_00428,조치원_욱일아파트,127.289963,36.602844,,,,운영중,
20251219,SJ_00429,조치원_조치원역 서편,127.2949988,36.60178608,,,,운영중,
20251219,SJ_00430,조치원_세종서창행복주택,127.296809,36.610198,,,,운영중,
20251219,SJ_00431,조치원_홍익대학교 정문,127.290559,36.621048,,,,운영중,
20251219,SJ_00432,조치원_중앙요양병원,127.288727,36.614142,,,,운영중,
20251219,SJ_00433,고운동_가락 908동,127.2293764,36.5120567,,,,운영중,
20251219,SJ_00434,새롬동_에스월드빌딩,127.250358,36.485350,,,,운영중,
20251219,SJ_00435,새롬동_새뜸 418동,127.245599,36.489613,,,,운영중,
20251219,SJ_00436,고운동_가락 111동,127.234777,36.504293,,,,운영중,
20251219,SJ_00437,어진동_정부세종청사버스터미널BRT3,127.261514,36.504309,,,,운영중,
20251219,SJ_00438,반곡동_수루배619동,127.3179629,36.4947974,,,,운영중,
20251219,SJ_00129,고운동_가락1604동앞,127.239129,36.515410,,,,운영중,
20251219,SJ_00130,고운동_가락810동건너편,127.239969,36.508943,,,,운영중,
20251219,SJ_00131,고운동_가락810동앞,127.240092,36.508769,,,,운영중,
20251219,SJ_00132,고운동_한옥마을건너편1,127.239786,36.510795,,,,운영중,
20251219,SJ_00133,고운동_한옥마을건너편2,127.239665,36.510333,,,,운영중,
20251219,SJ_00134,고운동_한옥마을앞,127.239400,36.510443,,,,운영중,
20251219,SJ_00135,종촌동_가재102동앞,127.243793,36.501713,,,,운영중,
20251219,SJ_00136,종촌동_가재303동앞,127.241406,36.503886,,,,운영중,
20251219,SJ_00137,종촌동_가재310동앞,127.243896,36.505023,,,,운영중,
20251219,SJ_00138,종촌동_가재403동앞,127.244961,36.505519,,,,운영중,
20251219,SJ_00139,종촌동_가재502동앞,127.246239,36.499491,,,,운영중,
20251219,SJ_00140,다정동_가온605동앞 공원,127.247137,36.499098,,,,운영중,
20251219,SJ_00141,종촌동_종촌중학교,127.246085,36.502060,,,,운영중,
20251219,SJ_00325,어진동_건설청건너편BRT2,127.261377,36.505350,,,,운영중,
20251219,SJ_00326,어진동_세종포스트 빌딩 옆 BRT,127.261554,36.507543,,,,운영중,
20251219,SJ_00327,도담동_도램803동앞BRT,127.259691,36.511538,,,,운영중,
20251219,SJ_00328,새롬동_크리스마스빌딩앞,127.252138,36.484322,,,,운영중,
20251219,SJ_00329,도담동_한신휴시티우측,127.258871,36.514066,,,,운영중,
20251219,SJ_00330,도담동_도램상가앞BRT2,127.258780,36.514595,,,,운영중,
20251219,SJ_00331,새롬동_새롬고북측,127.248985,36.486916,,,,운영중,
20251219,SJ_00332,다정동_가온214동,127.240966,36.493701,,,,운영중,
20251219,SJ_00333,다정동_가온210동앞 공원,127.242918,36.494065,,,,운영중,
20251219,SJ_00334,다정동_별찌뜰근린공원,127.239875,36.499373,,,,운영중,
20251219,SJ_00335,도담동_도램1002동앞BRT,127.260075,36.511757,,,,운영중,
20251219,SJ_00336,어진동_건설청앞BRT,127.261902,36.505376,,,,운영중,
20251219,SJ_00587,나성동_나릿재6단지 정문 옆(도로변),127.261278,36.491620,,,,운영중,
20251219,SJ_00588,나성동_나릿재6단지,127.262421,36.492160,,,,운영중,
20251219,SJ_00589,나성동_나릿재309동 앞,127.263648,36.488571,,,,운영중,
20251219,SJ_00590,나성동_나릿재304동 앞,127.261210,36.488866,,,,운영중,
20251219,SJ_00591,나성동_리치먼드시티 앞,127.256584,36.492734,,,,운영중,
20251219,SJ_00600,어진동_한뜰마을601동 앞,127.258921,36.495390,,,,운영중,
20251219,SJ_00601,어진동_한뜰마을604동앞,127.261280,36.494068,,,,운영중,
20251219,SJ_00602,어진동_해양수산부_농림축산식품부(5동-1) 로터리,127.2650661,36.505699,,,,운영중,
20251219,SJ_00603,세종동_국립수목원연구동 앞 정류장,127.2897209,36.4976707,,,,운영중,
20251219,SJ_00604,조치원_홈플러스 정문,127.297101,36.586551,,,,운영중,
20251219,SJ_00605,반곡동_한국보건사회연구원 대로변쪽,127.306277,36.495141,,,,운영중,
20251219,SJ_00606,보람동_호려울 1010동 앞,127.295203,36.481535,,,,운영중,
20251219,SJ_00607,보람동_호려울 911동 앞,127.295035,36.481002,,,,운영중,
20251219,SJ_00608,집현동_새나루마을 1207동,127.325863,36.501811,,,,운영중,
20251219,SJ_00609,집현동_새나루마을1단지 정문앞 로터리,127.320032,36.485520,,,,운영중,
20251219,SJ_00610,대평동_세종고속시외버스터미널,127.273774,36.469257,,,,운영중,
20251219,SJ_00611,고운동_세종중앙타워,127.241216,36.511640,,,,운영중,
20251219,SJ_00612,고운동_고운프라자,127.234530,36.519433,,,,운영중,
20251219,SJ_00613,고운동_가락2005동 앞,127.241390,36.516053,,,,운영중,
20251219,SJ_00614,집현동_새나루마을 309동 앞 로터리,127.3216596,36.4907476,,,,운영중,
20251219,SJ_00520,조치원_조치원역,127.2979545,36.6011,,,,운영중,
20251219,SJ_00521,조치원_우체국,127.298027,36.602414,,,,운영중,
20251219,SJ_00523,조치원_신흥주공207동,127.290782,36.594882,,,,운영중,
20251219,SJ_00524,조치원_자이아파트119동,127.291523,36.591022,,,,운영중,
20251219,SJ_00525,세종동_양화1교차로종촌교다리,127.299561,36.503421,,,,운영중,
20251219,SJ_00526,소담동_새샘908동,127.301503,36.489072,,,,운영중,
20251219,SJ_00527,소담동_법조타운A,127.302367,36.489461,,,,운영중,
20251219,SJ_00528,반곡동_더스테이빌딩,127.303015,36.490436,,,,운영중,
20251219,SJ_00529,도담동_센트럴프라자,127.258746,36.515305,,,,운영중,
20251219,SJ_00530,도담동_세종충남대병원,127.2590108,36.5195254,,,,운영중,
20251219,SJ_00531,소담동_새샘701동,127.299658,36.487013,,,,운영중,
20251219,SJ_00532,소담동_새샘703동,127.300345,36.485543,,,,운영중,
20251219,SJ_00533,해밀동_해밀144동,127.267491,36.527971,,,,운영중,
20251219,SJ_00534,해밀동_해밀113동,127.265090,36.524998,,,,운영중,
20251219,SJ_00535,어진동_홈플러스,127.258506,36.506927,,,,운영중,
20251219,SJ_00473,도담동_도램 603동 앞,127.2602942,36.5084806,,,,운영중,
20251219,SJ_00474,새롬동_새뜸 306동 앞,127.248062,36.485904,,,,운영중,
20251219,SJ_00475,새롬동_새뜸 726동앞 로터리,127.24704625,36.48981435,,,,운영중,
20251219,SJ_00476,새롬동_새뜸 718동 앞,127.247783,36.488171,,,,운영중,
20251219,SJ_00477,소담동_새샘 609동 앞,127.3025575,36.4854384,,,,운영중,
20251219,SJ_00478,새롬동_새뜸 302동 앞,127.247664,36.486589,,,,운영중,
20251219,SJ_00479,새롬동_새뜸 208동 앞 로터리,127.249288,36.483121,,,,운영중,
20251219,SJ_00480,보람동_세종시청 정문2,127.288709,36.478800,,,,운영중,
20251219,SJ_00481,소담동_소담동 타임빌딩 앞,127.299956,36.485073,,,,운영중,
20251219,SJ_00482,반곡동_수루배 506동 앞,127.313054,36.497527,,,,운영중,
20251219,SJ_00483,어진동_중앙동 임시주차장 입구,127.267260,36.500524,,,,운영중,
20251219,SJ_00484,어진동_중앙동 임시주차장 건너편,127.267736,36.500118,,,,운영중,
20251219,SJ_00485,종촌동_중앙프라자 앞,127.249603,36.504880,,,,운영중,
20251219,SJ_00486,도담동_도램2007동 앞,127.264161,36.516144,,,,운영중,
20251219,SJ_00487,반곡동_수루배209동 ,127.310056,36.495990,,,,운영중,
20251219,SJ_00488,대평동_해들205동,127.276990,36.470950,,,,운영중,
20251219,SJ_00489,보람동_해들510동,127.282393,36.474437,,,,운영중,
20251219,SJ_00490,보람동_호려울308동,127.283190,36.477265,,,,운영중,
20251219,SJ_00491,소담동_새샘201동,127.300929,36.481362,,,,운영중,
20251219,SJ_00492,종촌동_가재301동,127.241516,36.505046,,,,운영중,
20251219,SJ_00493,어진동_엠브릿지,127.258063,36.503066,,,,운영중,
20251219,SJ_00494,세종동_세종예술고 후문옆 로터리,127.2695944,36.4913596,,,,운영중,
20251219,SJ_00495,어진동_홈플러스,127.258243,36.507789,,,,운영중,
20251219,SJ_00496,아름동_범지기1013동,127.252117,36.517449,,,,운영중,
20251219,SJ_00497,아름동_범지기308동,127.245502,36.517797,,,,운영중,
20251219,SJ_00498,아름동_범지기902동,127.245721,36.517323,,,,운영중,
20251219,SJ_00499,아름동_영토프라자앞 로터리,127.243027,36.510859,,,,운영중,
20251219,SJ_00500,고운동_가락2203동,127.241161,36.519924,,,,운영중,
20251219,SJ_00501,반곡동_수루배601동,127.318591,36.494163,,,,운영중,
20251219,SJ_00502,어진동_지방자치회관,127.262997,36.493776,,,,운영중,
20251219,SJ_00503,고운동_한마음정육식당,127.236325,36.500387,,,,운영중,
20251219,SJ_00504,나성동_독락정역사공원,127.266804,36.484644,,,,운영중,
20251219,SJ_00505,고운동_세종누리학교,127.242839,36.525969,,,,운영중,
20251219,SJ-00769,반곡동 조세재정연구원 인근,127.3020648,36.4928953,,,,운영중,
20251219,SJ_00888,어울링 ,127.260913,36.515929,,,,미운영,
20251219,SJ_409,대평동_복합커뮤티센터,127.279640,36.470920,,,,운영중,
20251219,SJ_412,소담동_복합커뮤니티센터,127.300812,36.483993,,,,운영중,
20251219,SJ_413,어진동_어진교차로,127.259272,36.498197,,,,운영중,
20251219,SJ_HYUNDAI1,HYUNDAI1,126.88130704505716,37.48223372390922,,,,미운영,
20251219,SJ-00001,임시대여소(4/27 중앙공원 도시 축제 마당),127.27502,36.490595,,,,미운영,
20251219,SJ-00045,대평동_세종고속시외버스터미널 건너편,127.2743513,36.4689939,,,,운영중,
20251219,SJ-00681,산울동 세종자이더시티 206동 앞,127.259398,36.531011,,,,운영중,
20251219,SJ-00682,산울동-해밀동 BRT,127.26365890,36.52866640,,,,운영중,
20251219,SJ-00689,금남면_호탄리,127.2993574,36.4723544,,,,운영중,
20251219,SJ-00690,반곡동_수루배마을 901동앞,127.317445,36.4989733,,,,운영중,
20251219,SJ-00691,다정동_가온마을 614동 입구,127.2470679,36.4960905,,,,운영중,
20251219,SJ-00692,보람동_보람중학교,127.2937262,36.4784711,,,,운영중,
20251219,SJ-00693,어진동_세종비지니스센터,127.2654343,36.4958458,,,,운영중,
20251219,SJ-00694,반곡동_반곡동 복합커뮤니티센터 앞,127.310596,36.4983146,,,,운영중,
20251219,SJ-00695,조치원_세종특별자치시교육청교육원입구,127.2863384,36.6046397,,,,운영중,
20251219,SJ-00696,보람동_세종시교육청진로교육원 맞은편,127.2846222,36.4789683,,,,운영중,
20251219,SJ-00697,보람동_세종세무서 맞은편,127.2855563,36.4793709,,,,운영중,
20251219,SJ-00698,소담동_한국전력공사 앞,127.3045471,36.4850143,,,,운영중,
20251219,SJ-00699,집현동_세종이음학교 앞,127.3360287,36.4993626,,,,운영중,
20251219,SJ-00700,반곡동_한국개발연구원 앞,127.3099295,36.482131,,,,운영중,
20251219,SJ-00704,고운동_가락마을1209동앞 로터리,127.2335764,36.5111643,,,,운영중,
20251219,SJ-00706,세종동_세종전통문화체험관 햇무리교방향(임시버스정류장),127.2835151,36.5038572,,,,운영중,
20251219,SJ-00707,어진동_한뜰마을 5단지 대로변,127.2561579,36.4984785,,,,운영중,
20251219,SJ-00708,나성동_도시상징광장,127.2633784,36.4856009,,,,운영중,
20251219,SJ-00709,조치원_세종시보건환경연구원,127.283015,36.6029263,,,,운영중,
20251219,SJ-00710,세종동_중앙공원 야구장 축구장 사이,127.277401,36.4975815,,,,운영중,
20251219,SJ-00711,세종동_중앙공원 장남평야 인근,127.2724094,36.4923742,,,,운영중,
20251219,SJ-00712,광역복지지원센터 앞,127.318015,36.4957768,,,,운영중,
20251219,SJ-00713,도램마을 15단지 1509동 앞,127.2660955,36.5135184,,,,운영중,
20251219,SJ-00714,해들마을 603동 앞,127.2781144,36.4758528,,,,운영중,
20251219,SJ-00715,소담동_새샘마을 1단지 정류장,127.2997686,36.4807751,,,,운영중,
20251219,SJ-00716,나성동_제이빌딩 앞 버스정류장,127.258191,36.4912108,,,,운영중,
20251219,SJ-00717,어진동 세종마치 앞,127.2715927,36.5039204,,,,운영중,
20251219,SJ_00506,대평동_대평초등학교,127.2779084,36.4699655,,,,운영중,
20251219,SJ-00718,보람중학교 옆,127.2922,36.4778,,,,운영중,
20251219,SJ_00507,도담동_싱싱장터1호점,127.259974,36.515383,,,,운영중,
20251219,SJ-00735,어진동_ 어진중학교 정문앞,127.2556899,36.4978864,,,,운영중,
20251219,SJ-00737,집현동_세종공동캠퍼스 한밭대,127.3344034,36.5035892,,,,운영중,
20251219,SJ-00738,집현동_세종공동캠퍼스 충북대,127.3338611,36.5026071,,,,운영중,
20251219,SJ-00739,집현동_세종공동캠퍼스 충남대,127.3331549,36.5021935,,,,미운영,
20251219,SJ-00740,집현동_세종공동캠퍼스 학생회관 동측,127.3327092,36.500926,,,,운영중,
20251219,SJ-00741,집현동_세종공동캠퍼스 학생회관 북동측,127.3330062,36.5010741,,,,운영중,
20251219,SJ-00742,집현동_세종공동캠퍼스 체육관 서측,127.3290768,36.5014279,,,,운영중,
20251219,SJ-00743,"산울동_산울마을 7단지,712동 앞",127.265435,36.530347,,,,운영중,
20251219,SJ-00744,세종이음학교 입구,127.3373896,36.499747,,,,운영중,
20251219,SJ-00745,"집현동_집현로77, 대왕마트 앞",127.3248837,36.491175,,,,운영중,
20251219,SJ-00746,고운동_가락마을8단지 804동 앞,127.2411848,36.5057929,,,,운영중,
20251219,SJ-00747,소담동_한국전력공사 정문,127.306256,36.483777,,,,운영중,
20251219,SJ-00748,도담동_도램마을3단지 305동 앞,127.2557448,36.5136541,,,,운영중,
20251219,SJ-00749,다정동_LH희망상가(청년세종센터),127.249279,36.493449,,,,운영중,
20251219,SJ-00750,"산울동_산울7로, 706동 앞",127.2651856,36.5323189,,,,운영중,
20251219,SJ-00751,"새롬동_새롬북로14,새뜸마을 3단지 309동 앞 ",127.2460722,36.4841824,,,,운영중,
20251219,SJ-00752,"해밀동_해밀3로 32, 해밀마을1단지 110동 인근",127.2626965,36.5251848,,,,운영중,
20251219,SJ-00753,공동캠퍼스 BRT 옆,127.329057,36.5014253,,,,미운영,
20251219,SJ-00754,조치원읍 엘리프세종아파트 104동 앞,127.2823574,36.6028354,,,,운영중,
20251219,SJ-00755,조치원읍 엘리프세종아파트 111동 앞 ,127.279915,36.602643,,,,운영중,
20251219,SJ-00756,산울동 산울마을 218동 인근,127.25402953,36.53030410,,,,운영중,
20251219,SJ-00757,"다정동 898, 오돈오리불고기 인근 ",127.2379262,36.4962431,,,,운영중,
20251219,SJ-00758,아름동 범지기마을3단지 311동 앞 ,127.2450965,36.5186154,,,,운영중,
20251219,SJ-00759,고운동 가락마을 5단지 앞 ,127.2384178,36.5060258,,,,운영중,
20251219,SJ-00760,한솔동 참샘초등학교 인근 ,127.2585021,36.4795775,,,,운영중,
20251219,SJ-00761,다정동 페스티발1,127.2487282,36.4952658,,,,미운영,
20251219,SJ-00762,"보람동 759, 강남제일타워 인근 ",127.2897338,36.477011,,,,운영중,
20251219,SJ-00763,새롬동 해피라움W인근,127.2514694,36.4865346,,,,운영중,
20251219,SJ-00764,다정동 명품한우타운 인근 ,127.2357338,36.498688,,,,운영중,
20251219,SJ-00765,다정동 가온마을 1102단지 인근 ,127.2548364,36.4924166,,,,운영중,
20251219,SJ-00766,아름동 범지기마을 11단지 인근 ,127.2501372,36.5100619,,,,운영중,
20251219,SJ-00767,해밀동 라포르테 112동 앞 ,127.273046,36.526104,,,,운영중,
20251219,SJ-00768,"소담동 한누리대로 2016, 타임빌딩 앞 ",127.2997554,36.4848432,,,,운영중,
20251219,HD_TEST,세종교통공사,127.2739359,36.4684551,,,,운영중,
20251219,SJ_00001,보람동_세종시청 정문1,127.289038,36.478950,,,,운영중,
20251219,SJ_00002,보람동_시드니하트,127.294110,36.484045,,,,운영중,
20251219,SJ_00003,보람동_세종시청 후문,127.288405,36.480258,,,,미운영,
20251219,SJ_00004,보람동_세종시청후문 잔디광장,127.289090,36.480842,,,,미운영,
20251219,SJ_00005,보람동_호려울302동 건너편,127.280906,36.477394,,,,운영중,
20251219,SJ_00006,보람동_세종교육청,127.286182,36.477736,,,,운영중,
20251219,SJ_00007,보람동_세종남부경찰서 건너편,127.291883,36.482037,,,,운영중,
20251219,SJ_00008,보람동_새샘315동앞,127.294376,36.483899,,,,운영중,
20251219,SJ_00009,보람동_호려울8단지 정문,127.295439,36.478263,,,,운영중,
20251219,SJ_00010,보람동_호려울810동,127.297308,36.479951,,,,운영중,
20251219,SJ_00011,소담동_새샘512동 건너편BRT 1,127.3079269,36.4814824,,,,운영중,
20251219,SJ_00012,소담동_새샘216동앞BRT,127.297858,36.482487,,,,운영중,
20251219,SJ_00013,소담동_새샘217동앞BRT,127.298771,36.483134,,,,운영중,
20251219,SJ_00014,소담동_새샘308동앞BRT,127.297934,36.483150,,,,운영중,
20251219,SJ_00015,소담동_새샘307동앞BRT,127.298764,36.483792,,,,운영중,
20251219,SJ_00016,소담동_새샘316동앞,127.295300,36.484876,,,,운영중,
20251219,SJ_00017,소담동_새샘316동건너편,127.2949574,36.485002,,,,운영중,
20251219,SJ_00018,소담동_새샘301동건너편,127.2955006,36.4856544,,,,운영중,
20251219,SJ_00019,다정동_별뜰근린공원,127.235896,36.499667,,,,운영중,
20251219,SJ_00020,소담동_글벗초 건너편,127.2966195,36.4873522,,,,운영중,
20251219,SJ_00021,소담동_새샘803동 앞BRT2,127.301179,36.486802,,,,운영중,
20251219,SJ_00022,소담동_새샘803동 건너편BRT1,127.301857,36.486763,,,,운영중,
20251219,SJ_00023,소담동_새샘512동앞BRT(대전방향),127.3073797,36.4814521,,,,운영중,
20251219,SJ_00024,소담동_새샘511동앞BRT(대전방향),127.3075864,36.4809001,,,,운영중,
20251219,SJ_00025,소담동_새샘512동 건너편BRT 2,127.307869,36.481636,,,,운영중,
20251219,SJ_00026,소담동_새샘511동 건너편BRT,127.3080387,36.4810588,,,,운영중,
20251219,SJ_00027,소담동_새샘902동앞,127.298603,36.489872,,,,운영중,
20251219,SJ_00028,소담동_새샘903동건너편,127.2986594,36.4907828,,,,운영중,
20251219,SJ_00029,소담동_새샘602동버스정류장,127.307027,36.482323,,,,운영중,
20251219,SJ_00030,소담동_새샘602동버스정류장건너편,127.307528,36.482526,,,,운영중,
20251219,SJ_00031,반곡동_한국조세재정연구원 건너편 버스정류장,127.301434,36.493997,,,,운영중,
20251219,SJ_00032,반곡동_국책연구단지 건너편 버스정류장,127.303227,36.495907,,,,운영중,
20251219,SJ_00337,다정동_가온901옆,127.251968,36.495781,,,,운영중,
20251219,SJ_00338,어진동_정부세종청사안내동앞BRT,127.261713,36.504864,,,,운영중,
20251219,SJ_00339,어진동_정부세종청사버스터미널BRT1,127.261445,36.504057,,,,운영중,
20251219,SJ_00340,어진동_정부세종청사버스터미널BRT2,127.261286,36.503896,,,,운영중,
20251219,SJ_00341,어진동_산자부앞BRT,127.259844,36.500817,,,,운영중,
20251219,SJ_00342,나성동_도시통합정보센터앞BRT1,127.256616,36.494054,,,,운영중,
20251219,SJ_00343,나성동_도시통합정보센터앞BRT2,127.256564,36.493558,,,,운영중,
20251219,SJ_00344,다정동_가온803동남측,127.249746,36.494938,,,,운영중,
20251219,SJ_00345,다정동_가온806동 새움초등학교 사이,127.251881,36.494407,,,,운영중,
20251219,SJ_00346,다정동_가온1210동앞 공원,127.252272,36.494374,,,,운영중,
20251219,SJ_00347,나성동_엘지베스트샵,127.256943,36.491374,,,,운영중,
20251219,SJ_00348,다정동_가온707동,127.251984,36.490853,,,,운영중,
20251219,SJ_00349,새롬동_새뜸1010옆,127.252334,36.490511,,,,운영중,
20251219,SJ_00350,나성동_명동프라자건너편BRT,127.257360,36.488186,,,,운영중,
20251219,SJ_00351,종촌동_가재1101동앞,127.251714,36.504337,,,,운영중,
20251219,SJ_00352,나성동_명동프라자건너편BRT,127.257568,36.487754,,,,운영중,
20251219,SJ_00353,나성동_에스빌딩건너편BRT,127.257860,36.487143,,,,운영중,
20251219,SJ_00354,나성동_에스제이타워건너편BRT,127.258087,36.486723,,,,운영중,
20251219,SJ_00355,종촌동_복합커뮤니티센터,127.247303,36.504762,,,,운영중,
20251219,SJ_00356,나성동_국세청앞BRT,127.259548,36.484589,,,,운영중,
20251219,SJ_00358,나성동_소방청 BRT2,127.260765,36.482946,,,,운영중,
20251219,SJ_00359,나성동_한솔동환승주차장남측B,127.262017,36.481211,,,,운영중,
20251219,SJ_00360,종촌동_가재403동앞,127.244231,36.505287,,,,운영중,
20251219,SJ_00361,나성동_금강프라자건너편BRT,127.262975,36.479914,,,,운영중,
20251219,SJ_00362,나성동_LH분양홍보관(남쪽),127.268290,36.480811,,,,운영중,
20251219,SJ_00363,종촌동_가재302동앞,127.241438,36.504368,,,,운영중,
20251219,SJ_00364,나성동_나성동갈매로,127.266287,36.484868,,,,운영중,
20251219,SJ_00365,나성동_나릿재307동앞,127.263175,36.489469,,,,미운영,
20251219,SJ-00770,반곡동 더건강한약국 앞,127.3036238,36.4913255,,,,운영중,
20251219,SJ_00366,나성동_갈매로,127.262638,36.491111,,,,미운영,
20251219,SJ_00367,아름동_범지기408동건너편,127.2500061,36.5085051,,,,운영중,
20251219,SJ-00771,조치원 국립농산물품질관리원,127.2829701,36.6017296,,,,운영중,
20251219,SJ_00368,어진동_푸르지오시티1차1,127.263408,36.495654,,,,운영중,
20251219,SJ_00647,보람동_금강보행교 남측(우),127.288400,36.480947,,,,미운영,
20251219,SJ_00648,세종동_금강보행교북측(좌),127.283323,36.486493,,,,운영중,
20251219,SJ_00649,세종동_금강보행교 북측(우),127.283304,36.486074,,,,운영중,
20251219,SJ_00650,나성동_메가박스 건물 앞,127.263397,36.483728,,,,운영중,
20251219,SJ_00651,도담동_양지고등학교 정문 앞,127.267784,36.509530,,,,운영중,
20251219,SJ_00652,해밀동_해밀동 복합커뮤니티센터 앞,127.26765603,36.52689649,,,,운영중,
20251219,SJ_00653,도담동_도램마을 9단지 정류장BRT,127.261637,36.509061,,,,운영중,
20251219,SJ_00654,아름동_범지기 1023동 버스정류장,127.249473,36.519095,,,,운영중,
20251219,SJ_00655,다정동_가온7단지 정문 버스정류장,127.249677,36.491613,,,,운영중,
20251219,SJ_00656,어진동_세종경찰기동대 인근,127.266879,36.503281,,,,운영중,
20251219,SJ_00657,집현동_새나루1단지 후문(118동),127.317184,36.483881,,,,운영중,
20251219,SJ_00659,나성동_한림프라자 빌딩(수협은행),127.259176,36.484292,,,,운영중,
20251219,SJ_00660,어진동_한뜰406동 앞 버스정류장,127.254920,36.499012,,,,운영중,
20251219,SJ_00661,어진동_한뜰401동 앞,127.255611,36.501082,,,,운영중,
20251219,SJ_00662,집현동_새나루마을 803동 로터리,127.323787,36.489735,,,,운영중,
20251219,SJ_00663,가람동_수질복원센터 체육시설 앞 버스정류장 옆,127.2461695,36.464944,,,,운영중,
20251219,SJ_00664,어진동_정부세종청사 체육관 공원,127.264054,36.506353,,,,운영중,
20251219,SJ_00665,조치원_조치원읍 복합커뮤니티센터 ,127.2879463,36.5949812,,,,운영중,
20251219,SJ_00666,보람동_금남면 경계 금남구즉 로 로터리,127.2965535,36.4766377,,,,운영중,
20251219,SJ_00667,새롬동_새뜸마을 9단지 어울로 도로변,127.2573326,36.4830669,,,,운영중,
20251219,SJ_00668,한솔동_주택단지옆 공터자리,127.2488327,36.4799866,,,,운영중,
20251219,SJ_00669,한솔동_첫마을 7단지 정문 버스정류장인근 ,127.2554552,36.4745737,,,,운영중,
20251219,SJ_00670,소담동_새샘마을 5단지 501동 앞 버스정류장,127.304418,36.4814807,,,,운영중,
20251219,SJ_00671,아름동_아름 스포츠센터(코오롱 스포렉스) ,127.2455989,36.5119664,,,,운영중,
20251219,SJ_00672,집현동_새나루마을 1006동 앞 로터리,127.3226217,36.4936231,,,,운영중,
20251219,SJ_00673,집현동_새나루 11단지 앞 BRT정류장2(합강리방향),127.3229262,36.4978899,,,,운영중,
20251219,SJ_00674,보람동_금강시티타워 앞,127.2882746,36.4781508,,,,운영중,
20251219,SJ_00675,보람동_호려울마을 3단지 301동 앞,127.2802877,36.4768784,,,,운영중,
20251219,SJ_00676,금남면_대평시장 입구,127.2819218,36.4655648,,,,운영중,
20251219,SJ-00719,행정안전부 중앙동 동측 2,127.2662376,36.5025126,,,,운영중,
20251219,SJ_00677,새롬동_새뜸마을 716동 옆 로터리,127.2481267,36.4870015,,,,운영중,
20251219,SJ-00720,산울동 복합커뮤니티센터,127.26139000,36.53228920,,,,운영중,
20251219,SJ_00678,세종동_전통문화체험관(불교문화지원관),127.291181,36.5065803,,,,운영중,
20251219,SJ_00679,데일리버튼_테스트,127.2878294,36.4777939,,,,미운영,
20251219,SJ-00723,해밀동-해밀마을 203동 앞,127.2687323,36.5313831,,,,운영중,
20251219,SJ_00681,어진동_정부세종청사 중앙동 입구,127.2641945,36.5014919,,,,운영중,
20251219,SJ-00724,산울동 초. 중학교,127.26197090,36.53328020,,,,운영중,
20251219,SJ-00725,정부세종청사 중앙동 건너편 2,127.2662329,36.5019029,,,,운영중,
20251219,SJ_00682,어진동_정부세종청사 중앙동 기획재정부 입구,127.2651379,36.50314,,,,운영중,
20251219,SJ-00726,어진동_어진뜰 근린공원 사거리,127.2615627,36.498387,,,,미운영,
20251219,SJ_00683,대평동_시드니힐,127.2768806,36.4756264,,,,운영중,
20251219,SJ-00727,집현동 _하나은행 앞,127.331877,36.499219,,,,운영중,
20251219,SJ_00684,어진동_행정안전부 중앙동 동편입구,127.265834,36.5018819,,,,운영중,
20251219,SJ-00728,반곡동_수루배마을 4단지 정문 맞은편,127.313916,36.5014876,,,,운영중,
20251219,SJ_00685,반곡동_수루배마을 8단지 커뮤니티센터 앞,127.3168945,36.4977772,,,,운영중,
20251219,SJ-00729,도담동_양지중학교 맞은편,127.2676608,36.5088600,,,,운영중,
20251219,SJ_00686,나성동_소방청 남문,127.2616966,36.4832244,,,,운영중,
20251219,SJ_00191,도담동_도램1105동앞BRT,127.259334,36.514210,,,,운영중,
20251219,SJ_00192,도담동_도램1603동앞,127.265962,36.514743,,,,운영중,
20251219,SJ_00193,도담동_도담고등학교,127.264529,36.513549,,,,운영중,
20251219,SJ_00194,도담동_도램1008동앞,127.2607285,36.5127145,,,,운영중,
20251219,SJ_00195,도담동_도램204동앞,127.255733,36.512183,,,,운영중,
20251219,SJ_00197,도담동_도램1507동건너편,127.266847,36.512181,,,,운영중,
20251219,SJ_00198,도담동_도램1409동앞,127.266056,36.508466,,,,운영중,
20251219,SJ_00199,도담동_도램901동앞,127.261882,36.510627,,,,운영중,
20251219,SJ_00200,도담동_도램110동앞,127.257618,36.508385,,,,운영중,
20251219,SJ_00201,도담동_도램908동앞,127.264140,36.510086,,,,운영중,
20251219,SJ_00202,도담동_도램1411동앞,127.266978,36.510682,,,,운영중,
20251219,SJ_00203,도담동_양지고등학교,127.267945,36.508601,,,,운영중,
20251219,SJ_00205,어진동_세종중앙타운,127.261898,36.508407,,,,운영중,
20251219,SJ_00206,어진동_스타벅스,127.270002,36.504864,,,,운영중,
20251219,SJ_00207,세종동_국무조정실건너편,127.2720594,36.5025447,,,,운영중,
20251219,SJ_00208,어진동_정부청사관리본부(3동),127.267186,36.504732,,,,운영중,
20251219,SJ_00209,어진동_국토교통부정문,127.262010,36.504531,,,,운영중,
20251219,SJ_00210,어진동_복합커뮤니티센터,127.256725,36.501596,,,,운영중,
20251219,SJ_00211,어진동_고용노동부BRT,127.260127,36.501459,,,,운영중,
20251219,SJ_00212,어진동_호수공원수변공원,127.269599,36.499517,,,,운영중,
20251219,SJ_00213,어진동_문화체육관광부 버스정류장,127.2644484,36.4980964,,,,운영중,
20251219,SJ_00214,세종동_호수공원매화공연장,127.269458,36.497987,,,,운영중,
20251219,SJ_00215,어진동_LH세종특별본부,127.266200,36.495258,,,,운영중,
20251219,SJ_00216,세종동_행복도시세종홍보관,127.2700741,36.489532,,,,운영중,
20251219,SJ_00217,다정동_가온124동앞,127.2448392,36.4897114,,,,운영중,
20251219,SJ_00218,다정동_가온104동앞,127.246134,36.491607,,,,운영중,
20251219,SJ_00219,다정동_가온117동앞,127.243938,36.493015,,,,운영중,
20251219,SJ_00220,다정동_가온511동앞,127.244934,36.494836,,,,운영중,
20251219,SJ_00221,보람동_호려울1006동앞,127.294162,36.483599,,,,운영중,
20251219,SJ_00508,고운동_가락1914동,127.232504,36.522384,,,,운영중,
20251219,SJ_00222,보람동_호려울1004동앞,127.293302,36.482616,,,,운영중,
20251219,SJ_00509,도담동_라온프라이빗2차,127.259276,36.512653,,,,운영중,
20251219,SJ_00223,보람동_세종시청뒤편,127.287750,36.479902,,,,미운영,
20251219,SJ_00510,반곡동_시드니블루,127.311827,36.497844,,,,운영중,
20251219,SJ_00224,대평동_BRT,127.275964,36.472159,,,,운영중,
20251219,SJ_00511,반곡동_반곡고등학교,127.317611,36.496058,,,,운영중,
20251219,SJ_00225,대평동_시외버스터미널BRT,127.273169,36.470940,,,,운영중,
20251219,SJ_00512,보람동_여울초등학교,127.285486,36.476889,,,,운영중,
20251219,SJ_00513,해밀동_해밀138동,127.267690,36.525145,,,,운영중,
20251219,SJ_00514,해밀동_해밀139동,127.267166,36.525831,,,,운영중,
20251219,SJ_00515,세종동_세종중앙공원(남쪽)주차장,127.2698918,36.4918561,,,,운영중,
20251219,SJ_00050,한솔동_첫마을6단지617동옆,127.251964,36.475565,,,,운영중,
20251219,SJ_00051,한솔동_한솔고등학교,127.252185,36.478211,,,,운영중,
20251219,SJ_00052,한솔동_첫마을5단지525동옆,127.250310,36.477601,,,,운영중,
20251219,SJ_00053,한솔동_주민센터,127.254900,36.479357,,,,운영중,
20251219,SJ_00054,한솔동_첫마을 404동앞,127.253419,36.481052,,,,운영중,
20251219,SJ_00055,한솔동_첫마을 402동앞,127.251569,36.480223,,,,운영중,
20251219,SJ_00057,한솔동_첫마을1단지,127.2596128,36.4821524,,,,운영중,
20251219,SJ_00058,한솔동_첫마을3단지,127.260369,36.479792,,,,운영중,
20251219,SJ_00059,나성동_한솔동금강프라자1,127.262518,36.4791019,,,,운영중,
20251219,SJ_00357,나성동_소방청BRT1,127.260630,36.483176,,,,운영중,
20251219,SJ_00060,나성동_한솔동금강프라자2,127.262328,36.479133,,,,운영중,
20251219,SJ_00061,새롬동_새뜸정문 102동앞,127.2485116,36.4827356,,,,운영중,
20251219,SJ_00062,새롬동_새뜸5단지,127.2505161,36.483064,,,,운영중,
20251219,SJ_00063,새롬동_새뜸8단지건너편,127.253073,36.484625,,,,운영중,
20251219,SJ_00064,새롬동_새뜸프라자앞,127.251999,36.484200,,,,운영중,
20251219,SJ_00065,새롬동_복합커뮤니티센터 옆,127.251332,36.485046,,,,운영중,
20251219,SJ_00066,새롬동_세움빌딩앞,127.250956,36.485164,,,,운영중,
20251219,SJ_00067,새롬동_행운빌딩,127.250624,36.485790,,,,운영중,
20251219,SJ_00068,새롬동_오렌지빌딩,127.250476,36.486842,,,,운영중,
20251219,SJ_00069,새롬동_해피라움W앞,127.250668,36.486754,,,,운영중,
20251219,SJ_00070,새롬동_새뜸1003동건너편,127.251418,36.487309,,,,운영중,
20251219,SJ_00071,새롬동_새뜸402동앞로터리,127.247663,36.486780,,,,운영중,
20251219,SJ_00072,새롬동_새뜸703동앞,127.2503098,36.4880271,,,,운영중,
20251219,SJ_00073,새롬동_새뜸705동앞,127.2500531,36.4893226,,,,운영중,
20251219,SJ_00074,새롬동_새롬종합복지센터좌,127.256033,36.485805,,,,운영중,
20251219,SJ_00075,나성동_명동프라자옆BRT,127.257124,36.487564,,,,운영중,
20251219,SJ_00076,다정동_다정초 봄빛문화공원,127.243401,36.493183,,,,운영중,
20251219,SJ_00077,다정동_가온511동앞,127.2447827,36.4946096,,,,운영중,
20251219,SJ_00078,다정동_the다정빌딩옆,127.248580,36.494859,,,,운영중,
20251219,SJ_00079,다정동_가온403동건너편 공원,127.248148,36.493878,,,,운영중,
20251219,SJ_00080,다정동_가온414동,127.249472,36.490763,,,,운영중,
20251219,SJ-00772,고운동 은하수공원 버스정류장 인근,127.2438962,36.5326751,,,,운영중,
20251219,SJ_00081,다정동_가온1006동앞,127.252430,36.490872,,,,운영중,
20251219,SJ-00773,고운동 세종코지빌 인근 ,127.2300372,36.5188439,,,,운영중,
20251219,SJ-00774,고운동 가락마을 604동 인근,127.2409055,36.5032758,,,,운영중,
20251219,SJ-00775,아름동 국민건강보험공단 인근,127.2417209,36.5137534,,,,운영중,
20251219,SJ-00776,아름동 대영프라자 인근 ,127.2437862,36.5115825,,,,운영중,
20251219,SJ-00777,아름동 아이콤타워 인근,127.2418356,36.5121252,,,,운영중,
20251219,SJ-00778,종촌동 가재마을 12단지 건너편,127.2504528,36.5076341,,,,운영중,
20251219,SJ-00779,반곡동 왕관빌딩 앞,127.3126372,36.4978996,,,,운영중,
20251219,SJ-00780,산울동 세종캠퍼스고등학교 후문,127.2646727,36.5359214,,,,운영중,
20251219,SJ-01001,국립어린이박물관,127.272074,36.489669,,,,운영중,
20251219,SJ-1002,5/11 낙화축제(옥외 주차장),127.2667255,36.4976821,,,,미운영,
20251219,SJ-250426,25 기후변화행사 임시대여소 세종대왕상징광장,127.27531,36.4909929,,,,미운영,
20251219,SJ-705,세종동_세종전통문화체험관 정부세종청사방향(임시버스정류장),127.285504,36.5037737,,,,운영중,
20251219,SM_00001,삼미,126.880623,37.484362,,,,미운영,
20251219,SM_00100,인천_테스트대여소,126.695496,37.477747,,,,미운영,
20251219,SN_00680,도담동_어울링센터,127.2609672,36.5158724,,,,운영중,
20251219,SJ_00242,다정동_가온1201동앞,127.255052,36.492640,,,,운영중,
20251219,SJ_00243,다정동_가온1001동앞,127.254081,36.492507,,,,운영중,
20251219,SJ_00244,나성동_포레뷰앞BRT,127.256191,36.490722,,,,운영중,
20251219,SJ_00245,다정동_다정센타프라자앞,127.248722,36.495532,,,,운영중,
20251219,SJ_00246,다정동_리치타워앞,127.249401,36.493768,,,,운영중,
20251219,SJ_00247,보람동_호려울805동앞,127.295283,36.478607,,,,운영중,
20251219,SJ_00248,한솔동_첫마을6단지 상가옆,127.254865,36.474746,,,,운영중,
20251219,SJ_00249,한솔동_첫마을6단지 정류장,127.2530918,36.4750764,,,,운영중,
20251219,SJ_00250,소담동_새샘215동앞BRT,127.297462,36.482212,,,,운영중,
20251219,SJ_00251,소담동_새샘216동앞BRT,127.298353,36.482894,,,,운영중,
20251219,SJ_00252,소담동_새샘309동앞BRT,127.297137,36.482649,,,,운영중,
20251219,SJ_00253,나성동_LH분양홍보관건너편2,127.269095,36.481223,,,,운영중,
20251219,SJ_00254,나성동_LH분양홍보관건너편1,127.268610,36.482087,,,,운영중,
20251219,SJ_00255,나성동_LH분양홍보관,127.268625,36.481510,,,,운영중,
20251219,SJ_00256,나성동_세종예술의전당 앞,127.266194,36.485519,,,,운영중,
20251219,SJ_00257,나성동_나릿재202동건너편,127.2650473,36.4864148,,,,운영중,
20251219,SJ_00258,나성동_나릿재202동앞,127.265018,36.487162,,,,운영중,
20251219,SJ_00261,어진동_지방자치회관건너편,127.262704,36.495181,,,,운영중,
20251219,SJ_00262,소담동_새샘803동앞BRT1,127.301409,36.487204,,,,운영중,
20251219,SJ_00263,소담동_새샘803동건너편BRT2,127.302012,36.487034,,,,운영중,
20251219,SJ_00264,소담동_새샘803동건너편BRT3,127.302129,36.487293,,,,운영중,
20251219,SJ_00265,반곡동_국토연구원앞,127.300010,36.491935,,,,운영중,
20251219,SJ_00266,반곡동_국책연구단지뒤 BRT1(시청방향),127.304452,36.492532,,,,운영중,
20251219,SJ_00267,반곡동_국책연구단지뒤 BRT2(시청방향),127.304180,36.492171,,,,운영중,
20251219,SJ_00268,반곡동_국책연구단지남측 BRT1(집현동방향),127.3041553,36.4912142,,,,운영중,
20251219,SJ_00269,반곡동_국책연구단지남측 BRT2(집현동방향),127.303937,36.490897,,,,운영중,
20251219,SJ_00270,나성동_한국정책방송원건너편,127.262000,36.483099,,,,운영중,
20251219,SJ_00271,나성동_한국정책방송원동문건너편,127.26238997,36.48448639,,,,운영중,
20251219,SJ_00272,나성동_메가타워1건너편,127.258088,36.489306,,,,운영중,
20251219,SJ_00369,어진동_푸르지오시티1차2,127.263804,36.495494,,,,운영중,
20251219,SJ_00273,나성동_현대자동차 앞,127.256961,36.490977,,,,운영중,
20251219,SJ_00370,아름동_범지기1108동앞,127.250539,36.511454,,,,운영중,
20251219,SJ_00274,나성동_나릿재5단지 버스정류장,127.2581797,36.4914033,,,,운영중,
20251219,SJ_00371,도담동_범지기1208동앞 ,127.253183,36.511586,,,,운영중,
20251219,SJ_00275,어진동_세종파이낸스3차앞,127.259943,36.497628,,,,운영중,
20251219,SJ_00372,세종동_호수공원방울새공원건너편,127.269628,36.496308,,,,운영중,
20251219,SJ_00439,소담동_새샘106동,127.303835,36.481239,,,,운영중,
20251219,SJ_00440,어진동_세종파이낸스 2차 서편,127.260966,36.497021,,,,운영중,
20251219,SJ_00441,어진동_세종파이낸스 2차 동편,127.262468,36.496818,,,,운영중,
20251219,SJ_00442,조치원_고려대학교,127.293226,36.609976,,,,운영중,
20251219,SJ_00443,반곡동_수루배 111동앞,127.309124,36.497413,,,,운영중,
20251219,SJ_00444,반곡동_수루배 105동앞,127.306808,36.496003,,,,운영중,
20251219,SJ_00445,반곡동_수루배 102동,127.304615,36.496675,,,,운영중,
20251219,SJ_00446,보람동_호려울 102동 맞은 편,127.285131,36.475025,,,,운영중,
20251219,SJ_00447,한솔동_복합커뮤니티센터 정음관,127.255734,36.478032,,,,운영중,
20251219,SJ_00448,반곡동_반곡중학교앞,127.311014,36.501100,,,,운영중,
20251219,SJ_00449,반곡동_수루배 416동앞 로터리,127.315948,36.500299,,,,운영중,
20251219,SJ_00450,반곡동_수루배 401동앞,127.313487,36.498583,,,,운영중,
20251219,SJ_00452,어진동_한뜰106동 앞,127.267595,36.506868,,,,운영중,
20251219,SJ_00453,어진동_지방자치회관 앞,127.263266,36.494596,,,,운영중,
20251219,SJ_00454,나성동_어반아트리움 거치대,127.259810,36.488291,,,,운영중,
20251219,SJ_00455,가람동_지역난방공사 앞,127.245724,36.465209,,,,운영중,
20251219,SJ_00456,보람동_세종시청 서편 주차장,127.287455,36.479679,,,,운영중,
20251219,SJ_00457,반곡동_수루배 303동 앞,127.307685,36.499150,,,,운영중,
20251219,SJ_00458,집현동_산학연지원센터 북측.,127.328621,36.499711,,,,운영중,
20251219,SJ_00459,집현동_산학연지원센터 남측.,127.329186,36.498940,,,,운영중,
20251219,SJ_00460,어진동_과학기술정보통신부(4동),127.265907,36.506698,,,,운영중,
20251219,SJ_00461,아름동_범지기 501동 앞,127.245976,36.509827,,,,운영중,
20251219,SJ_00462,고운동_가락 1802동 앞,127.233067,36.520986,,,,운영중,
20251219,SJ_00463,고운동_가락 1806동 앞,127.233825,36.519781,,,,운영중,
20251219,SJ_00464,소담동_새샘 606동 앞,127.304708,36.484171,,,,운영중,
20251219,SJ_00465,도담동_도램 1315동 앞,127.259114,36.517504,,,,운영중,
20251219,SJ_00466,한솔동_우체국 앞,127.254439,36.479888,,,,운영중,
20251219,SJ_00467,보람동_세종남부경찰서 버스정류장,127.292663,36.480504,,,,운영중,
20251219,SJ_00468,대평동_해들 518동 앞,127.278710,36.473434,,,,운영중,
20251219,SJ_00469,어진동_청암빌딩 앞,127.262043,36.507427,,,,운영중,
20251219,SJ_00470,조치원_고려대학교 정문,127.289234,36.608603,,,,운영중,
20251219,SJ_00471,새롬동_새뜸 607동 앞,127.248697,36.484697,,,,운영중,
20251219,SJ_00472,도담동_도램 601동 앞,127.260959,36.509331,,,,운영중,
20251219,SJ-00731,산울동_ 세종파밀리에더파크 정문,127.260111,36.529387,,,,운영중,
20251219,SJ-00733,나성동_신한은행 앞,127.2592678,36.4836299,,,,운영중,
20251219,SJ-00734,가람동_LH 품질시험인정센터 정문,127.241030,36.468710,,,,운영중,
20251219,SJ_00142,종촌동_CGV앞,127.247207,36.502186,,,,운영중,
20251219,SJ_00143,종촌동_가재523동앞,127.248263,36.501980,,,,운영중,
20251219,SJ_00144,종촌동_소망교회앞,127.248730,36.502239,,,,운영중,
20251219,SJ_00145,종촌동_가재801동앞,127.250042,36.500706,,,,운영중,
20251219,SJ_00146,종촌동_공영주차장앞,127.249992,36.503494,,,,운영중,
20251219,SJ_00147,종촌동_가재1103동건너편1,127.249890,36.504114,,,,운영중,
20251219,SJ_00148,종촌동_가재1103동건너편2,127.249841,36.504353,,,,운영중,
20251219,SJ_00149,종촌동_가재704동앞,127.249620,36.506615,,,,운영중,
20251219,SJ_00150,종촌동_가재911동앞,127.251003,36.501881,,,,운영중,
20251219,SJ_00151,종촌동_가재1008동앞,127.252239,36.501901,,,,운영중,
20251219,SJ_00152,종촌동_가재1009동건너편,127.252735,36.501528,,,,운영중,
20251219,SJ_00153,종촌동_가재1102동앞,127.250999,36.504626,,,,운영중,
20251219,SJ_00154,종촌동_가재1202동앞,127.250973,36.504884,,,,운영중,
20251219,SJ_00155,아름동_범지기101동앞,127.241923,36.508983,,,,운영중,
20251219,SJ_00156,아름동_범지기401동건너편,127.250010,36.509118,,,,운영중,
20251219,SJ_00157,아름동_범지기601동앞,127.249758,36.510313,,,,운영중,
20251219,SJ_00158,아름동_다올비즈니스센터앞,127.2422300,36.511985,,,,운영중,
20251219,SJ_00159,아름동_아카데미타워앞,127.243538,36.512167,,,,운영중,
20251219,SJ_00160,아름동_싱싱장터2호점앞,127.247866,36.511608,,,,운영중,
20251219,SJ_00161,아름동_복합커뮤니티센터,127.247855,36.511842,,,,운영중,
20251219,SJ_00162,아름동_해피라움4앞,127.249595,36.511492,,,,운영중,
20251219,SJ_00163,아름동_해피라움3앞,127.248956,36.511523,,,,운영중,
20251219,SJ_00164,아름동_해피라움1앞,127.248980,36.511775,,,,운영중,
20251219,SJ_00165,아름동_해피라움2앞,127.249558,36.511749,,,,운영중,
20251219,SJ_00166,아름동_범지기1101동앞,127.252444,36.511400,,,,운영중,
20251219,SJ_00167,아름동_아름고앞,127.245820,36.513330,,,,운영중,
20251219,SJ_00168,아름동_아름중학교앞,127.245669,36.514281,,,,운영중,
20251219,SJ_00169,아름동_한국해양교통안전공단,127.242543,36.514818,,,,운영중,
20251219,SJ_00170,아름동_범지기1202동앞,127.250458,36.512605,,,,운영중,
20251219,SJ_00171,아름동_아름초등학교앞,127.250768,36.514231,,,,운영중,
20251219,SJ_00172,아름동_범지기808동앞,127.250449,36.514286,,,,운영중,
20251219,SJ_00173,아름동_범지기303동앞,127.245395,36.516106,,,,운영중,
20251219,SJ_00174,아름동_범지기1009동앞,127.251053,36.515796,,,,운영중,
20251219,SJ_00175,아름동_범지기1012동 건너편,127.251742,36.516766,,,,운영중,
20251219,SJ_00516,세종동_세종중앙공원(중앙)공터,127.2746299,36.4947056,,,,운영중,
20251219,SJ_00517,세종동_세종중앙공원(북쪽)주차장,127.281370,36.499060,,,,운영중,
20251219,SJ_00518,세종동_국립수목원(북쪽)보관소,127.284106,36.497816,,,,운영중,
20251219,SJ_00519,도담동_카림에비뉴,127.259281,36.514435,,,,운영중,
20251219,SJ_00296,어진동_세종소방서옆,127.2743611,36.5058162,,,,운영중,
20251219,SJ_00297,반곡동_국책연구단지,127.304042,36.496106,,,,운영중,
20251219,SJ_00298,새롬동_새뜸101동옆,127.250021,36.482426,,,,운영중,
20251219,SJ_00299,나성동_스타벅스행복타워BRT,127.262081,36.480312,,,,운영중,
20251219,SJ_00300,나성동_스타벅스행복타워건너편BRT,127.262678,36.480336,,,,운영중,
20251219,SJ_00301,나성동_한솔동환승주차장A BRT,127.261558,36.481014,,,,운영중,
20251219,SJ_00302,나성동_한솔동환승주차장B BRT,127.261860,36.481461,,,,운영중,
20251219,SJ_00303,새롬동_새뜸901동 건너편,127.255669,36.485127,,,,운영중,
20251219,SJ_00304,나성동_에스제이타워앞BRT,127.257635,36.486579,,,,운영중,
20251219,SJ_00305,새롬동_새뜸901동옆,127.255562,36.484743,,,,운영중,
20251219,SJ_00306,새롬동_새뜸803동사이,127.254928,36.484807,,,,운영중,
20251219,SJ_00307,새롬동_새뜸803동 건너편,127.254970,36.484967,,,,운영중,
20251219,SJ_00308,나성동_에스빌딩공원,127.256992,36.487081,,,,운영중,
20251219,SJ_00309,새롬동_새뜸1203동옆,127.256726,36.484572,,,,운영중,
20251219,SJ_00310,나성동_명동프라자앞BRT,127.256948,36.487992,,,,운영중,
20251219,SJ_00311,새롬동_성요한성당옆,127.255243,36.486866,,,,운영중,
20251219,SJ_00312,새롬동_새뜸1401동앞,127.2554721,36.4890921,,,,운영중,
20251219,SJ_00313,나성동_새뜸1404동앞,127.255995,36.490854,,,,운영중,
20251219,SJ_00314,새롬동_새뜸1108동앞,127.253609,36.488251,,,,운영중,
20251219,SJ_00315,새롬동_새뜸1108동옆,127.253168,36.488107,,,,운영중,
20251219,SJ_00316,나성동_다정동 BRT1(새롬동방향),127.2560913,36.4935668,,,,운영중,
20251219,SJ_00317,새롬동_새뜸1004 건너편,127.252734,36.487647,,,,운영중,
20251219,SJ_00318,나성동_다정동 BRT2(새롬동방향),127.2561312,36.4940721,,,,운영중,
20251219,SJ_00319,새롬동_무지개타워앞,127.2511787,36.484813,,,,운영중,
20251219,SJ_00320,어진동_정부세종청사남측 BRT(다정동방향),127.259364,36.500987,,,,운영중,
20251219,SJ_00321,어진동_정부세종청사BRT환승센터 ,127.259677,36.501739,,,,운영중,
20251219,SJ_00322,어진동_청사시외버스정류장건너편BRT1,127.260769,36.503985,,,,운영중,
20251219,SJ_00323,어진동_청사시외버스정류장건너편BRT2,127.260933,36.504349,,,,운영중,
20251219,SJ_00324,어진동_건설청건너편BRT1,127.261263,36.505084,,,,운영중,
20251219,SJ_00687,새롬동_새뜸마을 1002동 앞,127.2506681,36.4878619,,,,운영중,
20251219,SJ_00688,종촌동_가재마을 108동 앞,127.2419314,36.4998293,,,,운영중,
20251219,SJ_00781,다정동_the다정빌딩,127.248322,36.494942,,,,운영중,
20251219,SJ_00782,보람동_땀범벅놀이터,127.279369,36.476758,,,,운영중,
20251219,SJ_00783,산울동_산울마을 815동 앞,127.26688710,36.53129210,,,,운영중,
20251219,SJ_00784,산울동_도심형 주택 인근,127.262284,36.527022,,,,운영중,
20251219,SJ_00785,조치원 청사 주차장,127.293496,36.593010,,,,운영중,
20251219,SJ_00786,금남면 행정복지센터,127.280701,36.463841,,,,운영중,
20251219,SJ_00787,조치원 행정복지 센터,127.2985824,36.6044111,,,,운영중,
20251219,SJ_00537,집현동_새나루마을1204동(서쪽),127.324436,36.500307,,,,운영중,
20251219,SJ_00538,집현동_새나루마을BRT(시청방향),127.322189,36.498194,,,,운영중,
20251219,SJ_00539,소담동_아이콤타워(뒷편),127.298952,36.484544,,,,운영중,
20251219,SJ_00540,소담동_지엘플렉스2(입구),127.301324,36.484498,,,,운영중,
20251219,SJ_00541,소담동_지엘플렉스1(입구),127.301668,36.484908,,,,운영중,
20251219,SJ_00543,보람동_스마트허브4(입구),127.290520,36.477336,,,,운영중,
20251219,SJ_00548,보람동_아평빌딩(입구),127.288635,36.476536,,,,운영중,
20251219,SJ_00549,한솔동_주민센터(입구),127.254918,36.479067,,,,운영중,
20251219,SJ_00550,가람동_세종중부발전(입구),127.247185,36.466008,,,,운영중,
20251219,SJ_00551,새롬동_새롬중학교(건너편),127.250582,36.481289,,,,운영중,
20251219,SJ_00552,새롬동_새뜸마을408동(육교앞),127.244675,36.487448,,,,운영중,
20251219,SJ_00553,어진동_행안부제2별관(주차장입구),127.256688,36.499785,,,,운영중,
20251219,SJ_00554,어진동_보건복지부(별관)앞,127.2568,36.499010,,,,운영중,
20251219,SJ_00555,종촌동_중앙프라자(북쪽)_입구,127.249447,36.504891,,,,운영중,
20251219,SJ_00556,도담동_도램마을102동(도로변),127.255975,36.510809,,,,운영중,
20251219,SJ_00557,어진동_세종중앙타운(서측)_입구,127.261899,36.508227,,,,운영중,
20251219,SJ_00558,어진동_리슈빌S_입구,127.262010,36.507734,,,,운영중,
20251219,SJ_00572,해밀동_해밀214동(동쪽),127.271626,36.527208,,,,운영중,
20251219,SJ_00573,해밀동_해밀211동(남측),127.268727,36.528448,,,,운영중,
20251219,SJ_00574,해밀동_해밀205동(남측),127.267838,36.529558,,,,운영중,
20251219,SJ_00575,해밀동_해밀마을BRT,127.263987,36.528441,,,,운영중,
20251219,SJ_00576,해밀동_해밀106동(서측),127.264454,36.527870,,,,운영중,
20251219,SJ_00577,고운동_가락2002동 앞,127.240604,36.517274,,,,운영중,
20251219,SJ_00578,어진동_국무조정실 북측 버스정류장,127.2713118,36.5038175,,,,운영중,
20251219,SJ_00579,나성동_나릿재404동(동쪽)_도로변,127.2626407,36.4909687,,,,운영중,
20251219,SJ_00580,나성동_나릿재103동 육교옆,127.264281,36.487586,,,,운영중,
20251219,SJ_00581,나성동_나릿재402동(북쪽)_입구,127.261355,36.491474,,,,운영중,
20251219,SJ_00582,나성동_나릿재401동(남쪽)_도로변,127.261028,36.490011,,,,운영중,
20251219,SJ_00583,나성동_나릿재마을205동도로변,127.267169,36.488835,,,,운영중,
20251219,SJ_00584,나성동_나릿재201동(육교)_도로변,127.264689,36.487647,,,,운영중,
20251219,SJ_00585,나성동_나릿재101동(북서쪽)_로터리,127.262159,36.487447,,,,운영중,
20251219,SJ_00586,아름동_남세종청소년센터,127.244530,36.519017,,,,운영중,
20251219,SJ_00615,집현동_새나루마을 402동 앞,127.321039,36.493527,,,,운영중,
20251219,SJ_00616,집현동_새나루마을 401동 앞 로터리,127.322201,36.493163,,,,운영중,
20251219,SJ_00617,집현동_새나루마을2단지 입구,127.322089,36.488489,,,,운영중,
20251219,SJ_00618,소담동 _농림수산식품교육문화정보원,127.305279,36.492846,,,,운영중,
20251219,SJ_00619,반곡동_수루배 207동앞,127.310773,36.494962,,,,운영중,
20251219,SJ_00620,집현동_새나루 1103동 앞,127.3225959,36.4967274,,,,운영중,
20251219,SJ_00622,어진동_중소벤처기업부 앞 정류장,127.260384,36.497497,,,,운영중,
20251219,SJ_00623,세종동_전월산 무궁화 테마공원,127.2879203,36.5140372,,,,운영중,
20251219,SJ_00624,아름동_세종국제고_과학영재고 사이,127.248088,36.521610,,,,운영중,
20251219,SJ_00625,도담동_해밀1단지 건너편 버스정류장,127.262974,36.524674,,,,운영중,
20251219,SJ_00626,어진동_정부세종청사2_우체국사거리,127.261847,36.499833,,,,운영중,
20251219,SJ_00627,종촌동_소망교회 옆,127.249105,36.502287,,,,운영중,
20251219,SJ_00628,금남면_세종성바오로성당,127.282449,36.468474,,,,운영중,
20251219,SJ_00629,보람동_보람초등학교 앞 정류장,127.292940,36.480135,,,,운영중,
20251219,SJ_00630,반곡동_국책 연구지원동 앞(정류장),127.303269,36.495420,,,,운영중,
20251219,SJ_00631,반곡동_국책연구단지 시외버스 정류장,127.305612,36.495824,,,,운영중,
20251219,SJ_00632,집현동_새나루 1단지 앞,127.320500,36.485792,,,,운영중,
20251219,SJ_00633,집현동_새나루1109동 앞,127.323865,36.497535,,,,운영중,
20251219,SJ_00634,집현동_새나루11단지앞 BRT정류장1(합강리방향),127.321965,36.497709,,,,운영중,
20251219,SJ_00635,집현동_산학연클러스터앞 BRT정류장,127.328582,36.500740,,,,운영중,
20251219,SJ_00637,집현동_새나루 906동 앞,127.3245488,36.4911758,,,,운영중,
20251219,SJ_00638,집현동_새나루 908동 로터리,127.324919,36.492476,,,,운영중,
20251219,SJ_00639,집현동_새나루 901동앞 로터리,127.322704,36.493180,,,,운영중,
20251219,SJ_00640,아름동_아카데미타워,127.243292,36.512070,,,,운영중,
20251219,SJ_00641,집현동_BRT정류장(시청 방면),127.3285296,36.5016114,,,,운영중,
20251219,SJ_00645,집현동_11단지 1106앞,127.325279,36.496456,,,,운영중,
20251219,SJ_00646,보람동_금강보행교 남측(좌),127.287577,36.480599,,,,미운영,
20251219,SJ_00104,고운동_참샘빌딩건너편,127.234265,36.506451,,,,운영중,
20251219,SJ_00105,고운동_마음로 버스정류장,127.231786,36.507032,,,,운영중,
20251219,SJ_00106,고운동_으뜸초등학교건너편,127.230843,36.507874,,,,운영중,
20251219,SJ_00107,고운동_가락1103동앞,127.229930,36.510399,,,,운영중,
20251219,SJ_00108,고운동_가락1302동앞,127.22972694,36.51332634,,,,운영중,
20251219,SJ_00109,고운동_가락1307동앞,127.229857,36.514480,,,,운영중,
20251219,SJ_00110,고운동_가락1004동앞,127.229409,36.514352,,,,운영중,
20251219,SJ_00111,고운동_고운고등학교 건너편,127.234014,36.510417,,,,운영중,
20251219,SJ_00112,고운동_고운고등학교앞 로터리,127.233675,36.510748,,,,운영중,
20251219,SJ_00113,고운동_고운동성당 건너편,127.233017,36.513226,,,,운영중,
20251219,SJ_00114,고운동_고운동(마음안로)2,127.233130,36.515171,,,,운영중,
20251219,SJ_00115,고운동_가락611동 건너편,127.237042,36.502942,,,,미운영,
20251219,SJ_00116,고운동_고운동(마음로),127.230874,36.516825,,,,운영중,
20251219,SJ_00117,고운동_ 침례교회앞,127.231787,36.517593,,,,운영중,
20251219,SJ_00118,고운동_고운빌딩앞,127.232672,36.518381,,,,운영중,
20251219,SJ_00119,고운동_고운빌딩 건너편,127.232677,36.518663,,,,운영중,
20251219,SJ_00120,고운동_한빛교회 건너편,127.234859,36.516338,,,,운영중,
20251219,SJ_00121,고운동_복합커뮤니티센터,127.237240,36.520021,,,,운영중,
20251219,SJ_00122,고운동_가락1809동앞,127.237027,36.520219,,,,운영중,
20251219,SJ_00123,한솔동_첫마을402동 건너편,127.251731,36.479975,,,,운영중,
20251219,SJ_00124,고운동_가락1506동앞,127.237564,36.517281,,,,운영중,
20251219,SJ_00125,고운동_두루중학교,127.239164,36.518155,,,,운영중,
20251219,SJ_00126,고운동_가락2105동앞,127.241418,36.517565,,,,운영중,
20251219,SJ_00127,고운동_가락마을2003동 앞,127.241019,36.517241,,,,미운영,
20251219,SJ_00128,고운동_가락1606동앞,127.239155,36.516902,,,,운영중,
20251219,SJ_00396,종촌동_호만빌딩앞,127.249799,36.504512,,,,운영중,
20251219,SJ_00397,종촌동_공영주차장,127.249936,36.503709,,,,운영중,
20251219,SJ_00398,종촌동_리버사이드빌딩앞,127.250160,36.502959,,,,운영중,
20251219,SJ_00399,종촌동_가재 호반201동입구,127.244891,36.503130,,,,운영중,
20251219,SJ_00400,어진동_푸르지오시티2차,127.266949,36.494919,,,,운영중,
20251219,SJ_00401,새롬동_세움빌딩후면,127.250585,36.484933,,,,운영중,
20251219,SJ_00402,새롬동_새롬빌딩,127.250099,36.485967,,,,운영중,
20251219,SJ_00403,아름동_해피라움3 앞,127.248629,36.511553,,,,운영중,
20251219,SJ_00404,새롬동_새뜸 508동앞,127.252771,36.483513,,,,운영중,
20251219,SJ_00405,고운동_당암육교,127.231915,36.499820,,,,운영중,
20251219,SJ_00406,대평동_해들4단지 입구,127.280742,36.471162,,,,운영중,
20251219,SJ_00407,대평동_해들 408동 앞,127.283881,36.472979,,,,운영중,
20251219,SJ_00408,나성동_르네상스빌딩 앞,127.258866,36.485572,,,,미운영,
20251219,SJ_00410,대평동_해들601동 앞,127.276504,36.474518,,,,운영중,
20251219,SJ_00411,대평동_해들609동 앞,127.277269,36.473942,,,,운영중,
20251219,SJ_00414,종촌동_가재701동앞,127.249233,36.505187,,,,운영중,
20251219,SJ_00415,세종동_세종호수공원 제1주차장,127.269667,36.492533,,,,운영중,
20251219,SJ_00416,반곡동_수루배  BRT 1(시청방향),127.310530,36.497748,,,,운영중,
20251219,SJ_00417,반곡동_수루배  BRT 2(집현동방향),127.310543,36.497302,,,,운영중,
20251219,SJ_00418,보람동_세종우체국 옆,127.291021,36.479857,,,,운영중,
20251219,SJ_00419,보람동_광역복지센터 옆,127.291207,36.479361,,,,운영중,
20251219,SJ_00420,가람동_세종이마트앞,127.251684,36.470509,,,,운영중,
20251219,SJ_00421,다정동_새움중학교,127.247528,36.490402,,,,운영중,
20251219,SJ_00422,다정동_가온415동 옆,127.249509,36.491229,,,,운영중,
20251219,SJ_00423,다정동_가온403동 앞,127.248994,36.493333,,,,운영중,
20251219,SJ_00424,반곡동_수루배 323동앞,127.309493,36.498208,,,,운영중,
